id,first_name,last_name,email,shipment_address
1,Judith,Perocci,jperocci0@state.gov,9 Morningstar Center
2,Humfried,Selman,hselman1@netvibes.com,7 Pond Terrace
3,Elinore,Eivers,eeivers2@cdc.gov,98 Pennsylvania Terrace
4,Raimondo,Harewood,rharewood3@si.edu,36 Troy Road
5,Onida,Kolak,okolak4@printfriendly.com,1 Evergreen Trail
6,Waylon,Latter,wlatter5@pagesperso-orange.fr,72 Elgar Street
7,Bucky,Andrivel,bandrivel6@va.gov,536 Anderson Junction
8,Grazia,Fowlestone,gfowlestone7@merriam-webster.com,63466 Eggendart Drive
9,Orville,Cockaday,ocockaday8@msu.edu,98173 Westend Drive
10,Alistair,Fant,afant9@si.edu,2 Hauk Pass
11,Mirna,Sowrah,msowraha@friendfeed.com,3769 Dahle Court
12,Trixie,Hazelby,thazelbyb@europa.eu,1266 Sachs Center
13,Siffre,Goldsmith,sgoldsmithc@unblog.fr,1 Atwood Road
14,Filmore,Zarfati,fzarfatid@mapquest.com,88178 Harper Hill
15,Clarice,Voas,cvoase@hhs.gov,3037 Hauk Center
16,Mordecai,Roache,mroachef@ebay.com,608 Bayside Terrace
17,Annabela,Tinmouth,atinmouthg@amazon.com,99247 Declaration Court
18,Rowen,Johantges,rjohantgesh@house.gov,397 Nobel Parkway
19,Jess,Levesley,jlevesleyi@com.com,1 High Crossing Street
20,Randi,Crittal,rcrittalj@java.com,0990 Nobel Hill
21,Kristine,Weall,kweallk@sogou.com,45 Clove Alley
22,Garret,Brosetti,gbrosettil@amazon.co.jp,9654 Blackbird Junction
23,Lucille,Blumson,lblumsonm@devhub.com,8722 Hanover Pass
24,Kennith,Swindells,kswindellsn@fastcompany.com,8854 Hovde Road
25,Job,Burfield,jburfieldo@wufoo.com,9 Tomscot Avenue
26,Debbi,MacNeillie,dmacneilliep@wired.com,78665 Schmedeman Trail
27,Ave,Symers,asymersq@themeforest.net,4553 Melby Street
28,Rory,Illyes,rillyesr@marriott.com,63 Walton Park
29,Adrianna,Martschke,amartschkes@ifeng.com,2 International Park
30,Ad,Stott,astottt@nytimes.com,8588 Hagan Junction
31,Emilio,Stearley,estearleyu@sciencedaily.com,893 Bluejay Plaza
32,Tucker,Rehme,trehmev@nasa.gov,309 Warrior Plaza
33,Maryrose,Prowting,mprowtingw@github.com,02950 Anzinger Terrace
34,Trudey,Mersey,tmerseyx@taobao.com,0 Westridge Park
35,Annissa,Kemish,akemishy@dion.ne.jp,73 Northport Drive
36,Velma,Saur,vsaurz@people.com.cn,367 La Follette Court
37,Maximilian,Carnilian,mcarnilian10@godaddy.com,14300 Fieldstone Crossing
38,Lamar,Purse,lpurse11@earthlink.net,164 Lunder Junction
39,Britte,Nowakowska,bnowakowska12@123-reg.co.uk,15 Pepper Wood Center
40,Boot,Fanthome,bfanthome13@elpais.com,7259 Becker Alley
41,Maureene,De Filippi,mdefilippi14@reverbnation.com,463 Holmberg Place
42,Hubert,Govenlock,hgovenlock15@smugmug.com,203 Stuart Place
43,Mordy,Comberbach,mcomberbach16@sitemeter.com,277 Hoard Alley
44,Jenelle,Ker,jker17@mlb.com,318 Mandrake Street
45,Lezley,Knuckles,lknuckles18@shinystat.com,20 Crownhardt Crossing
46,Channa,Hustings,chustings19@arizona.edu,465 Muir Park
47,Jared,Robilart,jrobilart1a@cam.ac.uk,5 1st Terrace
48,Dene,Allwell,dallwell1b@cbslocal.com,49 Erie Park
49,Kirsten,Minard,kminard1c@blog.com,30083 Maryland Lane
50,Garvey,McGookin,gmcgookin1d@youtube.com,5 Green Ridge Pass
51,Ralf,Awdry,rawdry1e@japanpost.jp,3784 Hollow Ridge Trail
52,Blinnie,Jeans,bjeans1f@bravesites.com,1 Grasskamp Alley
53,Thedric,Wragg,twragg1g@hud.gov,068 Briar Crest Center
54,Bobby,Dracksford,bdracksford1h@seesaa.net,0 Hovde Place
55,Sigismund,Dohms,sdohms1i@washington.edu,5854 Hoard Lane
56,Beverie,Growcott,bgrowcott1j@google.ru,32 Kinsman Way
57,Dietrich,Patrick,dpatrick1k@list-manage.com,432 Randy Point
58,Hasty,McGeechan,hmcgeechan1l@4shared.com,06 Dahle Court
59,Guglielma,Starbucke,gstarbucke1m@goo.gl,995 Forster Terrace
60,Brigid,Chitson,bchitson1n@bandcamp.com,43 Annamark Center
61,Chick,Littlejohns,clittlejohns1o@icio.us,556 Graceland Trail
62,Angeli,Wisam,awisam1p@yellowpages.com,00 Old Shore Avenue
63,Marianna,Walczak,mwalczak1q@hexun.com,9 Anthes Road
64,Kaye,Lavis,klavis1r@ed.gov,4428 Lakewood Gardens Parkway
65,Ara,Braunstein,abraunstein1s@themeforest.net,7725 Lighthouse Bay Way
66,Tybie,Chimenti,tchimenti1t@posterous.com,03045 Hansons Crossing
67,Jourdan,Dobrowolny,jdobrowolny1u@delicious.com,08797 Marquette Circle
68,Con,MacLleese,cmaclleese1v@skyrock.com,66464 Maryland Road
69,Babette,Rogister,brogister1w@ed.gov,2059 Merrick Crossing
70,Hort,Marshal,hmarshal1x@mlb.com,8 Ridgeway Hill
71,Amelie,Mantrup,amantrup1y@deliciousdays.com,7 Pennsylvania Plaza
72,Thorn,Cummins,tcummins1z@tinypic.com,80 Dennis Park
73,Rubin,Gass,rgass20@baidu.com,767 Di Loreto Hill
74,Maddie,Storah,mstorah21@fda.gov,20 Fulton Hill
75,Pepito,Drakes,pdrakes22@nsw.gov.au,6 Fisk Junction
76,Maiga,Godsil,mgodsil23@geocities.jp,80056 Tennessee Center
77,Dulce,Brunelli,dbrunelli24@scientificamerican.com,2 Arkansas Parkway
78,Abey,Stangroom,astangroom25@cyberchimps.com,5879 Moulton Alley
79,Venita,Ruse,vruse26@simplemachines.org,9371 Pennsylvania Terrace
80,Kevyn,Dufer,kdufer27@slate.com,3 Daystar Avenue
81,Athena,Glasson,aglasson28@tuttocitta.it,60 Monica Street
82,Anthony,Blow,ablow29@soundcloud.com,49 Moose Trail
83,Isak,Sorrel,isorrel2a@sbwire.com,26588 Fisk Trail
84,Thacher,Managh,tmanagh2b@umn.edu,1 Ryan Hill
85,Bar,Shirt,bshirt2c@cdbaby.com,7 Village Green Road
86,Gradey,Essam,gessam2d@ask.com,4636 Clove Pass
87,Townsend,Nucciotti,tnucciotti2e@businesswire.com,754 6th Hill
88,Shanta,Lavalde,slavalde2f@biglobe.ne.jp,7158 Forest Dale Avenue
89,Pierrette,Phebee,pphebee2g@auda.org.au,03 Dryden Hill
90,Sholom,Boase,sboase2h@webeden.co.uk,7 Fieldstone Street
91,Charita,Spreag,cspreag2i@china.com.cn,35145 Ilene Terrace
92,Jaquith,Hampstead,jhampstead2j@bbb.org,106 Harper Street
93,June,Cornu,jcornu2k@homestead.com,87 Lien Street
94,Hilton,Manjin,hmanjin2l@amazon.com,52 Lillian Court
95,Kathye,McPhaden,kmcphaden2m@thetimes.co.uk,253 Mifflin Road
96,Lillis,Bernhard,lbernhard2n@wikimedia.org,67 Haas Junction
97,Alene,McQuarrie,amcquarrie2o@berkeley.edu,9 Glendale Pass
98,Dag,McGilleghole,dmcgilleghole2p@so-net.ne.jp,3200 Nobel Hill
99,Karel,Weond,kweond2q@symantec.com,54 Glendale Point
100,Lucius,Dodgshun,ldodgshun2r@uol.com.br,48759 Arkansas Terrace
